# Moby maintainers file
#
# See project/GOVERNANCE.md for committer versus reviewer roles
#
# COMMITTERS
# GitHub ID, Name, Email address, GPG fingerprint
"akerouanton","Albin Kerouanton","albinker@gmail.com"
"AkihiroSuda","Akihiro Suda","akihiro.suda.cz@hco.ntt.co.jp"
"austinvazquez","Austin Vazquez","macedonv@amazon.com"
"cpuguy83","Brian Goff","cpuguy83@gmail.com"
"robmry","Rob Murray","rob.murray@docker.com"
"thaJeztah","Sebastiaan van Stijn","github@gone.nl"
"tianon","Tianon Gravi","admwiggin@gmail.com"
"tonistiigi","Tõnis Tiigi","tonis@docker.com"
"vvoland","Paweł Gronowski","pawel.gronowski@docker.com"
#
# REVIEWERS
# GitHub ID, Name, Email address, GPG fingerprint
"alexellis","Alex Ellis","alexellis2@gmail.com"
"andrewhsu","Andrew Hsu","andrewhsu@docker.com"
"anusha-ragunathan","Anusha Ragunathan","anusha@docker.com"
"bsousaa","Bruno de Sousa","bruno.sousa@docker.com"
"coolljt0725","Lei Jitang","leijitang@huawei.com"
"corhere","Cory Snider","csnider@mirantis.com"
"crazy-max","Kevin Alvarez","contact@crazymax.dev"
"dmcgowan","Derek McGowan","derek@mcgstyle.net"
"estesp","Phil Estes","estesp@linux.vnet.ibm.com"
"fntlnz","Lorenzo Fontana","fontanalorenz@gmail.com"
"gianarb","Gianluca Arbezzano","ga@thumpflow.com"
"johnstep","John Stephens","johnstep@docker.com"
"justincormack","Justin Cormack","justin.cormack@docker.com"
"kolyshkin","Kir Kolyshkin","kolyshkin@gmail.com"
"laurazard","Laura Brehm","laurabrehm@hey.com"
"mhbauer","Morgan Bauer","mbauer@us.ibm.com"
"neersighted","Bjorn Neergaard","bjorn@neersighted.com"
"olljanat","Olli Janatuinen","olli.janatuinen@gmail.com"
"programmerq","Jeff Anderson","jeff@docker.com"
"ripcurld","Boaz Shuster","ripcurld.github@gmail.com"
"rumpl","Djordje Lukic","djordje.lukic@docker.com"
"runcom","Antonio Murdaca","runcom@redhat.com"
"sam-thibault","Sam Thibault","sam.thibault@docker.com"
"samuelkarp","Samuel Karp","me@samuelkarp.com"
"samwhited","Sam Whited","sam@samwhited.com"
"stevvooe","Stephen Day","stephen.day@docker.com"
"thompson-shaun","Shaun Thompson","shaun.thompson@docker.com"
"tiborvass","Tibor Vass","tibor@docker.com"
"unclejack","Cristian Staretu","cristian.staretu@gmail.com"
"vdemeester","Vincent Demeester","vincent@sbr.pm"
"vieux","Victor Vieux","vieux@docker.com"
"yongtang","Yong Tang","yong.tang.github@outlook.com"
